{"_runtime":322.583303997,"train_loss":0.17107597656192558,"val_accuracy":0.8063621231736637,"epoch":5,"_timestamp":1.7511767091991868e+09,"train_accuracy":0.914843873831035,"val_loss":0.4432554103314204,"_step":4,"_wandb":{"runtime":322}}