{"_timestamp":1.7511778254623785e+09,"train_loss":0.18728133777201053,"train_accuracy":0.9049770169598985,"val_loss":0.46513179891515577,"val_accuracy":0.8096911411133716,"_step":4,"_wandb":{"runtime":615},"epoch":5,"_runtime":615.783331444}